"1.0.0-incubating","build-tools/src/main/java/org/apache/syncope/buildtools/ApacheDSRootDseServlet.java","0","0","0","0.0","0","0","0.0","0","0","0.0","No"
"1.0.0-incubating","build-tools/src/main/java/org/apache/syncope/buildtools/ApacheDSStartStopListener.java","0","0","0","0.0","0","0","0.0","0","0","0.0","No"
"1.0.0-incubating","build-tools/src/main/java/org/apache/syncope/buildtools/H2StartStopListener.java","0","0","0","0.0","0","0","0.0","0","0","0.0","No"
"1.0.0-incubating","build-tools/src/main/java/org/apache/syncope/buildtools/JarSchemaLdifExtractor.java","0","0","0","0.0","0","0","0.0","0","0","0.0","No"
"1.0.0-incubating","client/src/main/java/org/apache/syncope/annotation/FormAttributeField.java","0","0","0","0.0","0","0","0.0","0","0","0.0","No"
"1.0.0-incubating","client/src/main/java/org/apache/syncope/annotation/SchemaList.java","0","0","0","0.0","0","0","0.0","0","0","0.0","No"
"1.0.0-incubating","client/src/main/java/org/apache/syncope/client/AbstractBaseBean.java","0","0","0","0.0","0","0","0.0","0","0","0.0","No"
"1.0.0-incubating","client/src/main/java/org/apache/syncope/client/SyncopeConstants.java","0","0","0","0.0","0","0","0.0","0","0","0.0","No"
"1.0.0-incubating","client/src/main/java/org/apache/syncope/client/http/HttpClientParams.java","0","0","0","0.0","0","0","0.0","0","0","0.0","No"
"1.0.0-incubating","client/src/main/java/org/apache/syncope/client/http/PreemptiveAuthHttpRequestFactory.java","0","0","0","0.0","0","0","0.0","0","0","0.0","No"
"1.0.0-incubating","client/src/main/java/org/apache/syncope/client/mod/AbstractAttributableMod.java","0","0","0","0.0","0","0","0.0","0","0","0.0","No"
"1.0.0-incubating","client/src/main/java/org/apache/syncope/client/mod/AttributeMod.java","0","0","0","0.0","0","0","0.0","0","0","0.0","No"
"1.0.0-incubating","client/src/main/java/org/apache/syncope/client/mod/MembershipMod.java","0","0","0","0.0","0","0","0.0","0","0","0.0","No"
"1.0.0-incubating","client/src/main/java/org/apache/syncope/client/mod/ReferenceMod.java","0","0","0","0.0","0","0","0.0","0","0","0.0","No"
"1.0.0-incubating","client/src/main/java/org/apache/syncope/client/mod/RoleMod.java","0","0","0","0.0","0","0","0.0","0","0","0.0","No"
"1.0.0-incubating","client/src/main/java/org/apache/syncope/client/mod/UserMod.java","0","0","0","0.0","0","0","0.0","0","0","0.0","No"
"1.0.0-incubating","client/src/main/java/org/apache/syncope/client/report/AbstractReportletConf.java","0","0","0","0.0","0","0","0.0","0","0","0.0","No"
"1.0.0-incubating","client/src/main/java/org/apache/syncope/client/report/ReportletConf.java","0","0","0","0.0","0","0","0.0","0","0","0.0","No"
"1.0.0-incubating","client/src/main/java/org/apache/syncope/client/report/StaticReportletConf.java","0","0","0","0.0","0","0","0.0","0","0","0.0","No"
"1.0.0-incubating","client/src/main/java/org/apache/syncope/client/report/UserReportletConf.java","0","0","0","0.0","0","0","0.0","0","0","0.0","No"
"1.0.0-incubating","client/src/main/java/org/apache/syncope/client/search/AttributeCond.java","0","0","0","0.0","0","0","0.0","0","0","0.0","No"
"1.0.0-incubating","client/src/main/java/org/apache/syncope/client/search/MembershipCond.java","0","0","0","0.0","0","0","0.0","0","0","0.0","No"
"1.0.0-incubating","client/src/main/java/org/apache/syncope/client/search/NodeCond.java","0","0","0","0.0","0","0","0.0","0","0","0.0","No"
"1.0.0-incubating","client/src/main/java/org/apache/syncope/client/search/ResourceCond.java","0","0","0","0.0","0","0","0.0","0","0","0.0","No"
"1.0.0-incubating","client/src/main/java/org/apache/syncope/client/search/SyncopeUserCond.java","0","0","0","0.0","0","0","0.0","0","0","0.0","No"
"1.0.0-incubating","client/src/main/java/org/apache/syncope/client/to/AbstractAttributableTO.java","0","0","0","0.0","0","0","0.0","0","0","0.0","No"
"1.0.0-incubating","client/src/main/java/org/apache/syncope/client/to/AbstractExecTO.java","0","0","0","0.0","0","0","0.0","0","0","0.0","No"
"1.0.0-incubating","client/src/main/java/org/apache/syncope/client/to/AccountPolicyTO.java","0","0","0","0.0","0","0","0.0","0","0","0.0","No"
"1.0.0-incubating","client/src/main/java/org/apache/syncope/client/to/AttributeTO.java","0","0","0","0.0","0","0","0.0","0","0","0.0","No"
"1.0.0-incubating","client/src/main/java/org/apache/syncope/client/to/ConfigurationTO.java","0","0","0","0.0","0","0","0.0","0","0","0.0","No"
"1.0.0-incubating","client/src/main/java/org/apache/syncope/client/to/ConnBundleTO.java","0","0","0","0.0","0","0","0.0","0","0","0.0","No"
"1.0.0-incubating","client/src/main/java/org/apache/syncope/client/to/ConnInstanceTO.java","0","0","0","0.0","0","0","0.0","0","0","0.0","No"
"1.0.0-incubating","client/src/main/java/org/apache/syncope/client/to/ConnObjectTO.java","0","0","0","0.0","0","0","0.0","0","0","0.0","No"
"1.0.0-incubating","client/src/main/java/org/apache/syncope/client/to/DerivedSchemaTO.java","0","0","0","0.0","0","0","0.0","0","0","0.0","No"
"1.0.0-incubating","client/src/main/java/org/apache/syncope/client/to/LoggerTO.java","0","0","0","0.0","0","0","0.0","0","0","0.0","No"
"1.0.0-incubating","client/src/main/java/org/apache/syncope/client/to/MembershipTO.java","0","0","0","0.0","0","0","0.0","0","0","0.0","No"
"1.0.0-incubating","client/src/main/java/org/apache/syncope/client/to/NotificationTO.java","0","0","0","0.0","0","0","0.0","0","0","0.0","No"
"1.0.0-incubating","client/src/main/java/org/apache/syncope/client/to/NotificationTaskTO.java","0","0","0","0.0","0","0","0.0","0","0","0.0","No"
"1.0.0-incubating","client/src/main/java/org/apache/syncope/client/to/PasswordPolicyTO.java","0","0","0","0.0","0","0","0.0","0","0","0.0","No"
"1.0.0-incubating","client/src/main/java/org/apache/syncope/client/to/PolicyTO.java","0","0","0","0.0","0","0","0.0","0","0","0.0","No"
"1.0.0-incubating","client/src/main/java/org/apache/syncope/client/to/PropagationTO.java","0","0","0","0.0","0","0","0.0","0","0","0.0","No"
"1.0.0-incubating","client/src/main/java/org/apache/syncope/client/to/PropagationTaskTO.java","0","0","0","0.0","0","0","0.0","0","0","0.0","No"
"1.0.0-incubating","client/src/main/java/org/apache/syncope/client/to/ReportExecTO.java","0","0","0","0.0","0","0","0.0","0","0","0.0","No"
"1.0.0-incubating","client/src/main/java/org/apache/syncope/client/to/ReportTO.java","0","0","0","0.0","0","0","0.0","0","0","0.0","No"
"1.0.0-incubating","client/src/main/java/org/apache/syncope/client/to/ResourceTO.java","0","0","0","0.0","0","0","0.0","0","0","0.0","No"
"1.0.0-incubating","client/src/main/java/org/apache/syncope/client/to/RoleTO.java","0","0","0","0.0","0","0","0.0","0","0","0.0","No"
"1.0.0-incubating","client/src/main/java/org/apache/syncope/client/to/SchedTaskTO.java","0","0","0","0.0","0","0","0.0","0","0","0.0","No"
"1.0.0-incubating","client/src/main/java/org/apache/syncope/client/to/SchemaMappingTO.java","0","0","0","0.0","0","0","0.0","0","0","0.0","No"
"1.0.0-incubating","client/src/main/java/org/apache/syncope/client/to/SchemaTO.java","0","0","0","0.0","0","0","0.0","0","0","0.0","No"
"1.0.0-incubating","client/src/main/java/org/apache/syncope/client/to/SyncPolicyTO.java","0","0","0","0.0","0","0","0.0","0","0","0.0","No"
"1.0.0-incubating","client/src/main/java/org/apache/syncope/client/to/SyncTaskTO.java","0","0","0","0.0","0","0","0.0","0","0","0.0","No"
"1.0.0-incubating","client/src/main/java/org/apache/syncope/client/to/TaskExecTO.java","0","0","0","0.0","0","0","0.0","0","0","0.0","No"
"1.0.0-incubating","client/src/main/java/org/apache/syncope/client/to/TaskTO.java","0","0","0","0.0","0","0","0.0","0","0","0.0","No"
"1.0.0-incubating","client/src/main/java/org/apache/syncope/client/to/UserRequestTO.java","0","0","0","0.0","0","0","0.0","0","0","0.0","No"
"1.0.0-incubating","client/src/main/java/org/apache/syncope/client/to/UserTO.java","0","0","0","0.0","0","0","0.0","0","0","0.0","No"
"1.0.0-incubating","client/src/main/java/org/apache/syncope/client/to/VirtualSchemaTO.java","0","0","0","0.0","0","0","0.0","0","0","0.0","No"
"1.0.0-incubating","client/src/main/java/org/apache/syncope/client/to/WorkflowDefinitionTO.java","0","0","0","0.0","0","0","0.0","0","0","0.0","No"
"1.0.0-incubating","client/src/main/java/org/apache/syncope/client/to/WorkflowFormPropertyTO.java","0","0","0","0.0","0","0","0.0","0","0","0.0","No"
"1.0.0-incubating","client/src/main/java/org/apache/syncope/client/to/WorkflowFormTO.java","0","0","0","0.0","0","0","0.0","0","0","0.0","No"
"1.0.0-incubating","client/src/main/java/org/apache/syncope/client/util/AttributableOperations.java","0","0","0","0.0","0","0","0.0","0","0","0.0","No"
"1.0.0-incubating","client/src/main/java/org/apache/syncope/client/util/XMLSerializer.java","0","0","0","0.0","0","0","0.0","0","0","0.0","No"
"1.0.0-incubating","client/src/main/java/org/apache/syncope/client/validation/SyncopeClientCompositeErrorException.java","0","0","0","0.0","0","0","0.0","0","0","0.0","No"
"1.0.0-incubating","client/src/main/java/org/apache/syncope/client/validation/SyncopeClientErrorHandler.java","0","0","0","0.0","0","0","0.0","0","0","0.0","No"
"1.0.0-incubating","client/src/main/java/org/apache/syncope/client/validation/SyncopeClientException.java","0","0","0","0.0","0","0","0.0","0","0","0.0","No"
"1.0.0-incubating","client/src/main/java/org/apache/syncope/types/AbstractPolicySpec.java","0","0","0","0.0","0","0","0.0","0","0","0.0","No"
"1.0.0-incubating","client/src/main/java/org/apache/syncope/types/AccountPolicySpec.java","0","0","0","0.0","0","0","0.0","0","0","0.0","No"
"1.0.0-incubating","client/src/main/java/org/apache/syncope/types/AttributableType.java","0","0","0","0.0","0","0","0.0","0","0","0.0","No"
"1.0.0-incubating","client/src/main/java/org/apache/syncope/types/AuditElements.java","0","0","0","0.0","0","0","0.0","0","0","0.0","No"
"1.0.0-incubating","client/src/main/java/org/apache/syncope/types/AuditLoggerName.java","0","0","0","0.0","0","0","0.0","0","0","0.0","No"
"1.0.0-incubating","client/src/main/java/org/apache/syncope/types/CipherAlgorithm.java","0","0","0","0.0","0","0","0.0","0","0","0.0","No"
"1.0.0-incubating","client/src/main/java/org/apache/syncope/types/ConflictResolutionAction.java","0","0","0","0.0","0","0","0.0","0","0","0.0","No"
"1.0.0-incubating","client/src/main/java/org/apache/syncope/types/ConnConfPropSchema.java","0","0","0","0.0","0","0","0.0","0","0","0.0","No"
"1.0.0-incubating","client/src/main/java/org/apache/syncope/types/ConnConfProperty.java","0","0","0","0.0","0","0","0.0","0","0","0.0","No"
"1.0.0-incubating","client/src/main/java/org/apache/syncope/types/ConnParameterType.java","0","0","0","0.0","0","0","0.0","0","0","0.0","No"
"1.0.0-incubating","client/src/main/java/org/apache/syncope/types/ConnectorCapability.java","0","0","0","0.0","0","0","0.0","0","0","0.0","No"
"1.0.0-incubating","client/src/main/java/org/apache/syncope/types/EntityViolationType.java","0","0","0","0.0","0","0","0.0","0","0","0.0","No"
"1.0.0-incubating","client/src/main/java/org/apache/syncope/types/IntMappingType.java","0","0","0","0.0","0","0","0.0","0","0","0.0","No"
"1.0.0-incubating","client/src/main/java/org/apache/syncope/types/PasswordPolicySpec.java","0","0","0","0.0","0","0","0.0","0","0","0.0","No"
"1.0.0-incubating","client/src/main/java/org/apache/syncope/types/PolicyType.java","0","0","0","0.0","0","0","0.0","0","0","0.0","No"
"1.0.0-incubating","client/src/main/java/org/apache/syncope/types/PropagationMode.java","0","0","0","0.0","0","0","0.0","0","0","0.0","No"
"1.0.0-incubating","client/src/main/java/org/apache/syncope/types/PropagationOperation.java","0","0","0","0.0","0","0","0.0","0","0","0.0","No"
"1.0.0-incubating","client/src/main/java/org/apache/syncope/types/PropagationTaskExecStatus.java","0","0","0","0.0","0","0","0.0","0","0","0.0","No"
"1.0.0-incubating","client/src/main/java/org/apache/syncope/types/ReportExecExportFormat.java","0","0","0","0.0","0","0","0.0","0","0","0.0","No"
"1.0.0-incubating","client/src/main/java/org/apache/syncope/types/ReportExecStatus.java","0","0","0","0.0","0","0","0.0","0","0","0.0","No"
"1.0.0-incubating","client/src/main/java/org/apache/syncope/types/SchemaType.java","0","0","0","0.0","0","0","0.0","0","0","0.0","No"
"1.0.0-incubating","client/src/main/java/org/apache/syncope/types/SyncPolicySpec.java","0","0","0","0.0","0","0","0.0","0","0","0.0","No"
"1.0.0-incubating","client/src/main/java/org/apache/syncope/types/SyncopeClientExceptionType.java","0","0","0","0.0","0","0","0.0","0","0","0.0","No"
"1.0.0-incubating","client/src/main/java/org/apache/syncope/types/SyncopeLoggerLevel.java","0","0","0","0.0","0","0","0.0","0","0","0.0","No"
"1.0.0-incubating","client/src/main/java/org/apache/syncope/types/SyncopeLoggerType.java","0","0","0","0.0","0","0","0.0","0","0","0.0","No"
"1.0.0-incubating","client/src/main/java/org/apache/syncope/types/TraceLevel.java","0","0","0","0.0","0","0","0.0","0","0","0.0","No"
"1.0.0-incubating","client/src/main/java/org/apache/syncope/types/UserRequestType.java","0","0","0","0.0","0","0","0.0","0","0","0.0","No"
"1.0.0-incubating","client/src/main/java/org/apache/syncope/types/WorkflowFormPropertyType.java","0","0","0","0.0","0","0","0.0","0","0","0.0","No"
"1.0.0-incubating","client/src/main/java/org/apache/syncope/types/package-info.java","0","0","0","0.0","0","0","0.0","0","0","0.0","No"
"1.0.0-incubating","client/src/test/java/org/apache/syncope/client/test/JSONTest.java","0","0","0","0.0","0","0","0.0","0","0","0.0","No"
"1.0.0-incubating","console/src/main/java/org/apache/syncope/console/SyncopeApplication.java","0","0","0","0.0","0","0","0.0","0","0","0.0","No"
"1.0.0-incubating","console/src/main/java/org/apache/syncope/console/SyncopeRequestCycleListener.java","0","0","0","0.0","0","0","0.0","0","0","0.0","No"
"1.0.0-incubating","console/src/main/java/org/apache/syncope/console/SyncopeSession.java","0","0","0","0.0","0","0","0.0","0","0","0.0","No"
"1.0.0-incubating","console/src/main/java/org/apache/syncope/console/commons/Constants.java","0","0","0","0.0","0","0","0.0","0","0","0.0","No"
"1.0.0-incubating","console/src/main/java/org/apache/syncope/console/commons/DateFormatROModel.java","0","0","0","0.0","0","0","0.0","0","0","0.0","No"
"1.0.0-incubating","console/src/main/java/org/apache/syncope/console/commons/HttpResourceStream.java","0","0","0","0.0","0","0","0.0","0","0","0.0","No"
"1.0.0-incubating","console/src/main/java/org/apache/syncope/console/commons/MapChoiceRenderer.java","0","0","0","0.0","0","0","0.0","0","0","0.0","No"
"1.0.0-incubating","console/src/main/java/org/apache/syncope/console/commons/PreferenceManager.java","0","0","0","0.0","0","0","0.0","0","0","0.0","No"
"1.0.0-incubating","console/src/main/java/org/apache/syncope/console/commons/RoleTreeBuilder.java","0","0","0","0.0","0","0","0.0","0","0","0.0","No"
"1.0.0-incubating","console/src/main/java/org/apache/syncope/console/commons/SchemaModalPageFactory.java","0","0","0","0.0","0","0","0.0","0","0","0.0","No"
"1.0.0-incubating","console/src/main/java/org/apache/syncope/console/commons/SearchCondWrapper.java","0","0","0","0.0","0","0","0.0","0","0","0.0","No"
"1.0.0-incubating","console/src/main/java/org/apache/syncope/console/commons/SelectChoiceRenderer.java","0","0","0","0.0","0","0","0.0","0","0","0.0","No"
"1.0.0-incubating","console/src/main/java/org/apache/syncope/console/commons/SelectOption.java","0","0","0","0.0","0","0","0.0","0","0","0.0","No"
"1.0.0-incubating","console/src/main/java/org/apache/syncope/console/commons/SortableDataProviderComparator.java","0","0","0","0.0","0","0","0.0","0","0","0.0","No"
"1.0.0-incubating","console/src/main/java/org/apache/syncope/console/commons/SortableUserProviderComparator.java","0","0","0","0.0","0","0","0.0","0","0","0.0","No"
"1.0.0-incubating","console/src/main/java/org/apache/syncope/console/commons/StatusBean.java","0","0","0","0.0","0","0","0.0","0","0","0.0","No"
"1.0.0-incubating","console/src/main/java/org/apache/syncope/console/commons/StatusUtils.java","0","0","0","0.0","0","0","0.0","0","0","0.0","No"
"1.0.0-incubating","console/src/main/java/org/apache/syncope/console/commons/UserDataProvider.java","0","0","0","0.0","0","0","0.0","0","0","0.0","No"
"1.0.0-incubating","console/src/main/java/org/apache/syncope/console/commons/XMLRolesReader.java","0","0","0","0.0","0","0","0.0","0","0","0.0","No"
"1.0.0-incubating","console/src/main/java/org/apache/syncope/console/markup/html/CrontabContainer.java","0","0","0","0.0","0","0","0.0","0","0","0.0","No"
"1.0.0-incubating","console/src/main/java/org/apache/syncope/console/pages/AbstractSchedTaskModalPage.java","0","0","0","0.0","0","0","0.0","0","0","0.0","No"
"1.0.0-incubating","console/src/main/java/org/apache/syncope/console/pages/AbstractSchemaModalPage.java","0","0","0","0.0","0","0","0.0","0","0","0.0","No"
"1.0.0-incubating","console/src/main/java/org/apache/syncope/console/pages/ApprovalModalPage.java","0","0","0","0.0","0","0","0.0","0","0","0.0","No"
"1.0.0-incubating","console/src/main/java/org/apache/syncope/console/pages/BaseModalPage.java","0","0","0","0.0","0","0","0.0","0","0","0.0","No"
"1.0.0-incubating","console/src/main/java/org/apache/syncope/console/pages/BasePage.java","0","0","0","0.0","0","0","0.0","0","0","0.0","No"
"1.0.0-incubating","console/src/main/java/org/apache/syncope/console/pages/Configuration.java","0","0","0","0.0","0","0","0.0","0","0","0.0","No"
"1.0.0-incubating","console/src/main/java/org/apache/syncope/console/pages/ConfigurationModalPage.java","0","0","0","0.0","0","0","0.0","0","0","0.0","No"
"1.0.0-incubating","console/src/main/java/org/apache/syncope/console/pages/ConnectorModalPage.java","0","0","0","0.0","0","0","0.0","0","0","0.0","No"
"1.0.0-incubating","console/src/main/java/org/apache/syncope/console/pages/DerivedSchemaModalPage.java","0","0","0","0.0","0","0","0.0","0","0","0.0","No"
"1.0.0-incubating","console/src/main/java/org/apache/syncope/console/pages/DisplayAttributesModalPage.java","0","0","0","0.0","0","0","0.0","0","0","0.0","No"
"1.0.0-incubating","console/src/main/java/org/apache/syncope/console/pages/EditUserModalPage.java","0","0","0","0.0","0","0","0.0","0","0","0.0","No"
"1.0.0-incubating","console/src/main/java/org/apache/syncope/console/pages/ErrorPage.java","0","0","0","0.0","0","0","0.0","0","0","0.0","No"
"1.0.0-incubating","console/src/main/java/org/apache/syncope/console/pages/ExecMessageModalPage.java","0","0","0","0.0","0","0","0.0","0","0","0.0","No"
"1.0.0-incubating","console/src/main/java/org/apache/syncope/console/pages/HomePage.java","0","0","0","0.0","0","0","0.0","0","0","0.0","No"
"1.0.0-incubating","console/src/main/java/org/apache/syncope/console/pages/Login.java","0","0","0","0.0","0","0","0.0","0","0","0.0","No"
"1.0.0-incubating","console/src/main/java/org/apache/syncope/console/pages/Logout.java","0","0","0","0.0","0","0","0.0","0","0","0.0","No"
"1.0.0-incubating","console/src/main/java/org/apache/syncope/console/pages/MembershipModalPage.java","0","0","0","0.0","0","0","0.0","0","0","0.0","No"
"1.0.0-incubating","console/src/main/java/org/apache/syncope/console/pages/NotificationModalPage.java","0","0","0","0.0","0","0","0.0","0","0","0.0","No"
"1.0.0-incubating","console/src/main/java/org/apache/syncope/console/pages/NotificationTaskModalPage.java","0","0","0","0.0","0","0","0.0","0","0","0.0","No"
"1.0.0-incubating","console/src/main/java/org/apache/syncope/console/pages/PolicyModalPage.java","0","0","0","0.0","0","0","0.0","0","0","0.0","No"
"1.0.0-incubating","console/src/main/java/org/apache/syncope/console/pages/PropagationTaskModalPage.java","0","0","0","0.0","0","0","0.0","0","0","0.0","No"
"1.0.0-incubating","console/src/main/java/org/apache/syncope/console/pages/ReportExecResultDownloadModalPage.java","0","0","0","0.0","0","0","0.0","0","0","0.0","No"
"1.0.0-incubating","console/src/main/java/org/apache/syncope/console/pages/ReportModalPage.java","0","0","0","0.0","0","0","0.0","0","0","0.0","No"
"1.0.0-incubating","console/src/main/java/org/apache/syncope/console/pages/ReportletConfModalPage.java","0","0","0","0.0","0","0","0.0","0","0","0.0","No"
"1.0.0-incubating","console/src/main/java/org/apache/syncope/console/pages/Reports.java","0","0","0","0.0","0","0","0.0","0","0","0.0","No"
"1.0.0-incubating","console/src/main/java/org/apache/syncope/console/pages/ResourceModalPage.java","0","0","0","0.0","0","0","0.0","0","0","0.0","No"
"1.0.0-incubating","console/src/main/java/org/apache/syncope/console/pages/Resources.java","0","0","0","0.0","0","0","0.0","0","0","0.0","No"
"1.0.0-incubating","console/src/main/java/org/apache/syncope/console/pages/RoleModalPage.java","0","0","0","0.0","0","0","0.0","0","0","0.0","No"
"1.0.0-incubating","console/src/main/java/org/apache/syncope/console/pages/Roles.java","0","0","0","0.0","0","0","0.0","0","0","0.0","No"
"1.0.0-incubating","console/src/main/java/org/apache/syncope/console/pages/SchedTaskModalPage.java","0","0","0","0.0","0","0","0.0","0","0","0.0","No"
"1.0.0-incubating","console/src/main/java/org/apache/syncope/console/pages/Schema.java","0","0","0","0.0","0","0","0.0","0","0","0.0","No"
"1.0.0-incubating","console/src/main/java/org/apache/syncope/console/pages/SchemaModalPage.java","0","0","0","0.0","0","0","0.0","0","0","0.0","No"
"1.0.0-incubating","console/src/main/java/org/apache/syncope/console/pages/StatusModalPage.java","0","0","0","0.0","0","0","0.0","0","0","0.0","No"
"1.0.0-incubating","console/src/main/java/org/apache/syncope/console/pages/SyncTaskModalPage.java","0","0","0","0.0","0","0","0.0","0","0","0.0","No"
"1.0.0-incubating","console/src/main/java/org/apache/syncope/console/pages/TaskModalPage.java","0","0","0","0.0","0","0","0.0","0","0","0.0","No"
"1.0.0-incubating","console/src/main/java/org/apache/syncope/console/pages/Tasks.java","0","0","0","0.0","0","0","0.0","0","0","0.0","No"
"1.0.0-incubating","console/src/main/java/org/apache/syncope/console/pages/Todo.java","0","0","0","0.0","0","0","0.0","0","0","0.0","No"
"1.0.0-incubating","console/src/main/java/org/apache/syncope/console/pages/UserModalPage.java","0","0","0","0.0","0","0","0.0","0","0","0.0","No"
"1.0.0-incubating","console/src/main/java/org/apache/syncope/console/pages/UserRequestModalPage.java","0","0","0","0.0","0","0","0.0","0","0","0.0","No"
"1.0.0-incubating","console/src/main/java/org/apache/syncope/console/pages/UserTemplateModalPage.java","0","0","0","0.0","0","0","0.0","0","0","0.0","No"
"1.0.0-incubating","console/src/main/java/org/apache/syncope/console/pages/Users.java","0","0","0","0.0","0","0","0.0","0","0","0.0","No"
"1.0.0-incubating","console/src/main/java/org/apache/syncope/console/pages/VirtualSchemaModalPage.java","0","0","0","0.0","0","0","0.0","0","0","0.0","No"
"1.0.0-incubating","console/src/main/java/org/apache/syncope/console/pages/WelcomePage.java","0","0","0","0.0","0","0","0.0","0","0","0.0","No"
"1.0.0-incubating","console/src/main/java/org/apache/syncope/console/pages/panels/AccountInformationPanel.java","0","0","0","0.0","0","0","0.0","0","0","0.0","No"
"1.0.0-incubating","console/src/main/java/org/apache/syncope/console/pages/panels/AttributesPanel.java","0","0","0","0.0","0","0","0.0","0","0","0.0","No"
"1.0.0-incubating","console/src/main/java/org/apache/syncope/console/pages/panels/DerivedAttributesPanel.java","0","0","0","0.0","0","0","0.0","0","0","0.0","No"
"1.0.0-incubating","console/src/main/java/org/apache/syncope/console/pages/panels/JQueryTabbedPanel.java","0","0","0","0.0","0","0","0.0","0","0","0.0","No"
"1.0.0-incubating","console/src/main/java/org/apache/syncope/console/pages/panels/NotificationTasks.java","0","0","0","0.0","0","0","0.0","0","0","0.0","No"
"1.0.0-incubating","console/src/main/java/org/apache/syncope/console/pages/panels/PoliciesPanel.java","0","0","0","0.0","0","0","0.0","0","0","0.0","No"
"1.0.0-incubating","console/src/main/java/org/apache/syncope/console/pages/panels/PolicyBeanPanel.java","0","0","0","0.0","0","0","0.0","0","0","0.0","No"
"1.0.0-incubating","console/src/main/java/org/apache/syncope/console/pages/panels/PropagationTasks.java","0","0","0","0.0","0","0","0.0","0","0","0.0","No"
"1.0.0-incubating","console/src/main/java/org/apache/syncope/console/pages/panels/ResourceConnConfPanel.java","0","0","0","0.0","0","0","0.0","0","0","0.0","No"
"1.0.0-incubating","console/src/main/java/org/apache/syncope/console/pages/panels/ResourceDetailsPanel.java","0","0","0","0.0","0","0","0.0","0","0","0.0","No"
"1.0.0-incubating","console/src/main/java/org/apache/syncope/console/pages/panels/ResourceMappingPanel.java","0","0","0","0.0","0","0","0.0","0","0","0.0","No"
"1.0.0-incubating","console/src/main/java/org/apache/syncope/console/pages/panels/ResourceSecurityPanel.java","0","0","0","0.0","0","0","0.0","0","0","0.0","No"
"1.0.0-incubating","console/src/main/java/org/apache/syncope/console/pages/panels/ResourcesPanel.java","0","0","0","0.0","0","0","0.0","0","0","0.0","No"
"1.0.0-incubating","console/src/main/java/org/apache/syncope/console/pages/panels/ResultSetPanel.java","0","0","0","0.0","0","0","0.0","0","0","0.0","No"
"1.0.0-incubating","console/src/main/java/org/apache/syncope/console/pages/panels/RoleAttributesPanel.java","0","0","0","0.0","0","0","0.0","0","0","0.0","No"
"1.0.0-incubating","console/src/main/java/org/apache/syncope/console/pages/panels/RoleSecurityPanel.java","0","0","0","0.0","0","0","0.0","0","0","0.0","No"
"1.0.0-incubating","console/src/main/java/org/apache/syncope/console/pages/panels/RoleSummaryPanel.java","0","0","0","0.0","0","0","0.0","0","0","0.0","No"
"1.0.0-incubating","console/src/main/java/org/apache/syncope/console/pages/panels/RoleTabPanel.java","0","0","0","0.0","0","0","0.0","0","0","0.0","No"
"1.0.0-incubating","console/src/main/java/org/apache/syncope/console/pages/panels/RolesPanel.java","0","0","0","0.0","0","0","0.0","0","0","0.0","No"
"1.0.0-incubating","console/src/main/java/org/apache/syncope/console/pages/panels/SchedTasks.java","0","0","0","0.0","0","0","0.0","0","0","0.0","No"
"1.0.0-incubating","console/src/main/java/org/apache/syncope/console/pages/panels/StatusPanel.java","0","0","0","0.0","0","0","0.0","0","0","0.0","No"
"1.0.0-incubating","console/src/main/java/org/apache/syncope/console/pages/panels/SyncTasks.java","0","0","0","0.0","0","0","0.0","0","0","0.0","No"
"1.0.0-incubating","console/src/main/java/org/apache/syncope/console/pages/panels/UserDetailsPanel.java","0","0","0","0.0","0","0","0.0","0","0","0.0","No"
"1.0.0-incubating","console/src/main/java/org/apache/syncope/console/pages/panels/UserManagementResultPanel.java","0","0","0","0.0","0","0","0.0","0","0","0.0","No"
"1.0.0-incubating","console/src/main/java/org/apache/syncope/console/pages/panels/UserSearchPanel.java","0","0","0","0.0","0","0","0.0","0","0","0.0","No"
"1.0.0-incubating","console/src/main/java/org/apache/syncope/console/pages/panels/VirtualAttributesPanel.java","0","0","0","0.0","0","0","0.0","0","0","0.0","No"
"1.0.0-incubating","console/src/main/java/org/apache/syncope/console/rest/AbstractBaseRestClient.java","0","0","0","0.0","0","0","0.0","0","0","0.0","No"
"1.0.0-incubating","console/src/main/java/org/apache/syncope/console/rest/ApprovalRestClient.java","0","0","0","0.0","0","0","0.0","0","0","0.0","No"
"1.0.0-incubating","console/src/main/java/org/apache/syncope/console/rest/ConfigurationRestClient.java","0","0","0","0.0","0","0","0.0","0","0","0.0","No"
"1.0.0-incubating","console/src/main/java/org/apache/syncope/console/rest/ConnectorRestClient.java","0","0","0","0.0","0","0","0.0","0","0","0.0","No"
"1.0.0-incubating","console/src/main/java/org/apache/syncope/console/rest/EntitlementRestClient.java","0","0","0","0.0","0","0","0.0","0","0","0.0","No"
"1.0.0-incubating","console/src/main/java/org/apache/syncope/console/rest/ExecutionRestClient.java","0","0","0","0.0","0","0","0.0","0","0","0.0","No"
"1.0.0-incubating","console/src/main/java/org/apache/syncope/console/rest/InvalidPolicyType.java","0","0","0","0.0","0","0","0.0","0","0","0.0","No"
"1.0.0-incubating","console/src/main/java/org/apache/syncope/console/rest/LoggerRestClient.java","0","0","0","0.0","0","0","0.0","0","0","0.0","No"
"1.0.0-incubating","console/src/main/java/org/apache/syncope/console/rest/NotificationRestClient.java","0","0","0","0.0","0","0","0.0","0","0","0.0","No"
"1.0.0-incubating","console/src/main/java/org/apache/syncope/console/rest/PolicyRestClient.java","0","0","0","0.0","0","0","0.0","0","0","0.0","No"
"1.0.0-incubating","console/src/main/java/org/apache/syncope/console/rest/ReportRestClient.java","0","0","0","0.0","0","0","0.0","0","0","0.0","No"
"1.0.0-incubating","console/src/main/java/org/apache/syncope/console/rest/ResourceRestClient.java","0","0","0","0.0","0","0","0.0","0","0","0.0","No"
"1.0.0-incubating","console/src/main/java/org/apache/syncope/console/rest/RoleRestClient.java","0","0","0","0.0","0","0","0.0","0","0","0.0","No"
"1.0.0-incubating","console/src/main/java/org/apache/syncope/console/rest/SchemaRestClient.java","0","0","0","0.0","0","0","0.0","0","0","0.0","No"
"1.0.0-incubating","console/src/main/java/org/apache/syncope/console/rest/TaskRestClient.java","0","0","0","0.0","0","0","0.0","0","0","0.0","No"
"1.0.0-incubating","console/src/main/java/org/apache/syncope/console/rest/UserRequestRestClient.java","0","0","0","0.0","0","0","0.0","0","0","0.0","No"
"1.0.0-incubating","console/src/main/java/org/apache/syncope/console/rest/UserRestClient.java","0","0","0","0.0","0","0","0.0","0","0","0.0","No"
"1.0.0-incubating","console/src/main/java/org/apache/syncope/console/rest/WorkflowRestClient.java","0","0","0","0.0","0","0","0.0","0","0","0.0","No"
"1.0.0-incubating","console/src/main/java/org/apache/syncope/console/wicket/ajax/form/AbstractAjaxDownloadBehavior.java","0","0","0","0.0","0","0","0.0","0","0","0.0","No"
"1.0.0-incubating","console/src/main/java/org/apache/syncope/console/wicket/ajax/markup/html/IndicatingDeleteOnConfirmAjaxLink.java","0","0","0","0.0","0","0","0.0","0","0","0.0","No"
"1.0.0-incubating","console/src/main/java/org/apache/syncope/console/wicket/extensions/markup/html/repeater/data/table/DatePropertyColumn.java","0","0","0","0.0","0","0","0.0","0","0","0.0","No"
"1.0.0-incubating","console/src/main/java/org/apache/syncope/console/wicket/extensions/markup/html/repeater/data/table/TokenColumn.java","0","0","0","0.0","0","0","0.0","0","0","0.0","No"
"1.0.0-incubating","console/src/main/java/org/apache/syncope/console/wicket/extensions/markup/html/repeater/data/table/UserAttrColumn.java","0","0","0","0.0","0","0","0.0","0","0","0.0","No"
"1.0.0-incubating","console/src/main/java/org/apache/syncope/console/wicket/markup/html/form/AbstractFieldPanel.java","0","0","0","0.0","0","0","0.0","0","0","0.0","No"
"1.0.0-incubating","console/src/main/java/org/apache/syncope/console/wicket/markup/html/form/ActionLink.java","0","0","0","0.0","0","0","0.0","0","0","0.0","No"
"1.0.0-incubating","console/src/main/java/org/apache/syncope/console/wicket/markup/html/form/ActionLinksPanel.java","0","0","0","0.0","0","0","0.0","0","0","0.0","No"
"1.0.0-incubating","console/src/main/java/org/apache/syncope/console/wicket/markup/html/form/AjaxCheckBoxPanel.java","0","0","0","0.0","0","0","0.0","0","0","0.0","No"
"1.0.0-incubating","console/src/main/java/org/apache/syncope/console/wicket/markup/html/form/AjaxDecoratedCheckbox.java","0","0","0","0.0","0","0","0.0","0","0","0.0","No"
"1.0.0-incubating","console/src/main/java/org/apache/syncope/console/wicket/markup/html/form/AjaxDropDownChoicePanel.java","0","0","0","0.0","0","0","0.0","0","0","0.0","No"
"1.0.0-incubating","console/src/main/java/org/apache/syncope/console/wicket/markup/html/form/AjaxNumberFieldPanel.java","0","0","0","0.0","0","0","0.0","0","0","0.0","No"
"1.0.0-incubating","console/src/main/java/org/apache/syncope/console/wicket/markup/html/form/AjaxPalettePanel.java","0","0","0","0.0","0","0","0.0","0","0","0.0","No"
"1.0.0-incubating","console/src/main/java/org/apache/syncope/console/wicket/markup/html/form/AjaxPasswordFieldPanel.java","0","0","0","0.0","0","0","0.0","0","0","0.0","No"
"1.0.0-incubating","console/src/main/java/org/apache/syncope/console/wicket/markup/html/form/AjaxTextFieldPanel.java","0","0","0","0.0","0","0","0.0","0","0","0.0","No"
"1.0.0-incubating","console/src/main/java/org/apache/syncope/console/wicket/markup/html/form/CheckBoxMultipleChoiceFieldPanel.java","0","0","0","0.0","0","0","0.0","0","0","0.0","No"
"1.0.0-incubating","console/src/main/java/org/apache/syncope/console/wicket/markup/html/form/DateFieldPanel.java","0","0","0","0.0","0","0","0.0","0","0","0.0","No"
"1.0.0-incubating","console/src/main/java/org/apache/syncope/console/wicket/markup/html/form/DateTextFieldPanel.java","0","0","0","0.0","0","0","0.0","0","0","0.0","No"
"1.0.0-incubating","console/src/main/java/org/apache/syncope/console/wicket/markup/html/form/DateTimeFieldPanel.java","0","0","0","0.0","0","0","0.0","0","0","0.0","No"
"1.0.0-incubating","console/src/main/java/org/apache/syncope/console/wicket/markup/html/form/FieldPanel.java","0","0","0","0.0","0","0","0.0","0","0","0.0","No"
"1.0.0-incubating","console/src/main/java/org/apache/syncope/console/wicket/markup/html/form/LinkPanel.java","0","0","0","0.0","0","0","0.0","0","0","0.0","No"
"1.0.0-incubating","console/src/main/java/org/apache/syncope/console/wicket/markup/html/form/MultiValueSelectorPanel.java","0","0","0","0.0","0","0","0.0","0","0","0.0","No"
"1.0.0-incubating","console/src/main/java/org/apache/syncope/console/wicket/markup/html/form/SelectableRecorder.java","0","0","0","0.0","0","0","0.0","0","0","0.0","No"
"1.0.0-incubating","console/src/main/java/org/apache/syncope/console/wicket/markup/html/form/SingleColumnPalette.java","0","0","0","0.0","0","0","0.0","0","0","0.0","No"
"1.0.0-incubating","console/src/main/java/org/apache/syncope/console/wicket/markup/html/tree/TreeActionLinkPanel.java","0","0","0","0.0","0","0","0.0","0","0","0.0","No"
"1.0.0-incubating","console/src/main/java/org/apache/syncope/console/wicket/markup/html/tree/TreeRolePanel.java","0","0","0","0.0","0","0","0.0","0","0","0.0","No"
"1.0.0-incubating","console/src/test/java/org/apache/syncope/console/AbstractTest.java","0","0","0","0.0","0","0","0.0","0","0","0.0","No"
"1.0.0-incubating","console/src/test/java/org/apache/syncope/console/AccessTestITCase.java","0","0","0","0.0","0","0","0.0","0","0","0.0","No"
"1.0.0-incubating","console/src/test/java/org/apache/syncope/console/ConfigurationTestITCase.java","0","0","0","0.0","0","0","0.0","0","0","0.0","No"
"1.0.0-incubating","console/src/test/java/org/apache/syncope/console/ConnInstanceTestITCase.java","0","0","0","0.0","0","0","0.0","0","0","0.0","No"
"1.0.0-incubating","console/src/test/java/org/apache/syncope/console/EditProfileTestITCase.java","0","0","0","0.0","0","0","0.0","0","0","0.0","No"
"1.0.0-incubating","console/src/test/java/org/apache/syncope/console/ReportTestITCase.java","0","0","0","0.0","0","0","0.0","0","0","0.0","No"
"1.0.0-incubating","console/src/test/java/org/apache/syncope/console/ResourceTestITCase.java","0","0","0","0.0","0","0","0.0","0","0","0.0","No"
"1.0.0-incubating","console/src/test/java/org/apache/syncope/console/RoleTestITCase.java","0","0","0","0.0","0","0","0.0","0","0","0.0","No"
"1.0.0-incubating","console/src/test/java/org/apache/syncope/console/SchemaTestITCase.java","0","0","0","0.0","0","0","0.0","0","0","0.0","No"
"1.0.0-incubating","console/src/test/java/org/apache/syncope/console/TaskTestITCase.java","0","0","0","0.0","0","0","0.0","0","0","0.0","No"
"1.0.0-incubating","console/src/test/java/org/apache/syncope/console/UserTestITCase.java","0","0","0","0.0","0","0","0.0","0","0","0.0","No"
"1.0.0-incubating","core/src/main/java/org/apache/syncope/core/audit/AuditManager.java","0","0","0","0.0","0","0","0.0","0","0","0.0","No"
"1.0.0-incubating","core/src/main/java/org/apache/syncope/core/audit/JNDIFallbackConnectionSource.java","0","0","0","0.0","0","0","0.0","0","0","0.0","No"
"1.0.0-incubating","core/src/main/java/org/apache/syncope/core/connid/SLF4JLogger.java","0","0","0","0.0","0","0","0.0","0","0","0.0","No"
"1.0.0-incubating","core/src/main/java/org/apache/syncope/core/init/ActivitiWorkflowLoader.java","0","0","0","0.0","0","0","0.0","0","0","0.0","No"
"1.0.0-incubating","core/src/main/java/org/apache/syncope/core/init/ConnInstanceLoader.java","0","0","0","0.0","0","0","0.0","0","0","0.0","No"
"1.0.0-incubating","core/src/main/java/org/apache/syncope/core/init/ContentLoader.java","0","0","0","0.0","0","0","0.0","0","0","0.0","No"
"1.0.0-incubating","core/src/main/java/org/apache/syncope/core/init/ImplementationClassNamesLoader.java","0","0","0","0.0","0","0","0.0","0","0","0.0","No"
"1.0.0-incubating","core/src/main/java/org/apache/syncope/core/init/JobInstanceLoader.java","0","0","0","0.0","0","0","0.0","0","0","0.0","No"
"1.0.0-incubating","core/src/main/java/org/apache/syncope/core/init/LoggerLoader.java","0","0","0","0.0","0","0","0.0","0","0","0.0","No"
"1.0.0-incubating","core/src/main/java/org/apache/syncope/core/init/SpringContextInitializer.java","0","0","0","0.0","0","0","0.0","0","0","0.0","No"
"1.0.0-incubating","core/src/main/java/org/apache/syncope/core/notification/NotificationManager.java","0","0","0","0.0","0","0","0.0","0","0","0.0","No"
"1.0.0-incubating","core/src/main/java/org/apache/syncope/core/persistence/beans/AbstractAttr.java","0","0","0","0.0","0","0","0.0","0","0","0.0","No"
"1.0.0-incubating","core/src/main/java/org/apache/syncope/core/persistence/beans/AbstractAttrUniqueValue.java","0","0","0","0.0","0","0","0.0","0","0","0.0","No"
"1.0.0-incubating","core/src/main/java/org/apache/syncope/core/persistence/beans/AbstractAttrValue.java","0","0","0","0.0","0","0","0.0","0","0","0.0","No"
"1.0.0-incubating","core/src/main/java/org/apache/syncope/core/persistence/beans/AbstractAttributable.java","0","0","0","0.0","0","0","0.0","0","0","0.0","No"
"1.0.0-incubating","core/src/main/java/org/apache/syncope/core/persistence/beans/AbstractBaseBean.java","0","0","0","0.0","0","0","0.0","0","0","0.0","No"
"1.0.0-incubating","core/src/main/java/org/apache/syncope/core/persistence/beans/AbstractDerAttr.java","0","0","0","0.0","0","0","0.0","0","0","0.0","No"
"1.0.0-incubating","core/src/main/java/org/apache/syncope/core/persistence/beans/AbstractDerSchema.java","0","0","0","0.0","0","0","0.0","0","0","0.0","No"
"1.0.0-incubating","core/src/main/java/org/apache/syncope/core/persistence/beans/AbstractExec.java","0","0","0","0.0","0","0","0.0","0","0","0.0","No"
"1.0.0-incubating","core/src/main/java/org/apache/syncope/core/persistence/beans/AbstractSchema.java","0","0","0","0.0","0","0","0.0","0","0","0.0","No"
"1.0.0-incubating","core/src/main/java/org/apache/syncope/core/persistence/beans/AbstractVirAttr.java","0","0","0","0.0","0","0","0.0","0","0","0.0","No"
"1.0.0-incubating","core/src/main/java/org/apache/syncope/core/persistence/beans/AbstractVirSchema.java","0","0","0","0.0","0","0","0.0","0","0","0.0","No"
"1.0.0-incubating","core/src/main/java/org/apache/syncope/core/persistence/beans/AccountPolicy.java","0","0","0","0.0","0","0","0.0","0","0","0.0","No"
"1.0.0-incubating","core/src/main/java/org/apache/syncope/core/persistence/beans/ConnInstance.java","0","0","0","0.0","0","0","0.0","0","0","0.0","No"
"1.0.0-incubating","core/src/main/java/org/apache/syncope/core/persistence/beans/Entitlement.java","0","0","0","0.0","0","0","0.0","0","0","0.0","No"
"1.0.0-incubating","core/src/main/java/org/apache/syncope/core/persistence/beans/ExternalResource.java","0","0","0","0.0","0","0","0.0","0","0","0.0","No"
"1.0.0-incubating","core/src/main/java/org/apache/syncope/core/persistence/beans/Notification.java","0","0","0","0.0","0","0","0.0","0","0","0.0","No"
"1.0.0-incubating","core/src/main/java/org/apache/syncope/core/persistence/beans/NotificationTask.java","0","0","0","0.0","0","0","0.0","0","0","0.0","No"
"1.0.0-incubating","core/src/main/java/org/apache/syncope/core/persistence/beans/PasswordPolicy.java","0","0","0","0.0","0","0","0.0","0","0","0.0","No"
"1.0.0-incubating","core/src/main/java/org/apache/syncope/core/persistence/beans/Policy.java","0","0","0","0.0","0","0","0.0","0","0","0.0","No"
"1.0.0-incubating","core/src/main/java/org/apache/syncope/core/persistence/beans/PropagationTask.java","0","0","0","0.0","0","0","0.0","0","0","0.0","No"
"1.0.0-incubating","core/src/main/java/org/apache/syncope/core/persistence/beans/Report.java","0","0","0","0.0","0","0","0.0","0","0","0.0","No"
"1.0.0-incubating","core/src/main/java/org/apache/syncope/core/persistence/beans/ReportExec.java","0","0","0","0.0","0","0","0.0","0","0","0.0","No"
"1.0.0-incubating","core/src/main/java/org/apache/syncope/core/persistence/beans/ReportletConfInstance.java","0","0","0","0.0","0","0","0.0","0","0","0.0","No"
"1.0.0-incubating","core/src/main/java/org/apache/syncope/core/persistence/beans/SchedTask.java","0","0","0","0.0","0","0","0.0","0","0","0.0","No"
"1.0.0-incubating","core/src/main/java/org/apache/syncope/core/persistence/beans/SchemaMapping.java","0","0","0","0.0","0","0","0.0","0","0","0.0","No"
"1.0.0-incubating","core/src/main/java/org/apache/syncope/core/persistence/beans/SyncPolicy.java","0","0","0","0.0","0","0","0.0","0","0","0.0","No"
"1.0.0-incubating","core/src/main/java/org/apache/syncope/core/persistence/beans/SyncTask.java","0","0","0","0.0","0","0","0.0","0","0","0.0","No"
"1.0.0-incubating","core/src/main/java/org/apache/syncope/core/persistence/beans/SyncopeConf.java","0","0","0","0.0","0","0","0.0","0","0","0.0","No"
"1.0.0-incubating","core/src/main/java/org/apache/syncope/core/persistence/beans/SyncopeLogger.java","0","0","0","0.0","0","0","0.0","0","0","0.0","No"
"1.0.0-incubating","core/src/main/java/org/apache/syncope/core/persistence/beans/Task.java","0","0","0","0.0","0","0","0.0","0","0","0.0","No"
"1.0.0-incubating","core/src/main/java/org/apache/syncope/core/persistence/beans/TaskExec.java","0","0","0","0.0","0","0","0.0","0","0","0.0","No"
"1.0.0-incubating","core/src/main/java/org/apache/syncope/core/persistence/beans/UserRequest.java","0","0","0","0.0","0","0","0.0","0","0","0.0","No"
"1.0.0-incubating","core/src/main/java/org/apache/syncope/core/persistence/beans/membership/MAttr.java","0","0","0","0.0","0","0","0.0","0","0","0.0","No"
"1.0.0-incubating","core/src/main/java/org/apache/syncope/core/persistence/beans/membership/MAttrUniqueValue.java","0","0","0","0.0","0","0","0.0","0","0","0.0","No"
"1.0.0-incubating","core/src/main/java/org/apache/syncope/core/persistence/beans/membership/MAttrValue.java","0","0","0","0.0","0","0","0.0","0","0","0.0","No"
"1.0.0-incubating","core/src/main/java/org/apache/syncope/core/persistence/beans/membership/MDerAttr.java","0","0","0","0.0","0","0","0.0","0","0","0.0","No"
"1.0.0-incubating","core/src/main/java/org/apache/syncope/core/persistence/beans/membership/MDerSchema.java","0","0","0","0.0","0","0","0.0","0","0","0.0","No"
"1.0.0-incubating","core/src/main/java/org/apache/syncope/core/persistence/beans/membership/MSchema.java","0","0","0","0.0","0","0","0.0","0","0","0.0","No"
"1.0.0-incubating","core/src/main/java/org/apache/syncope/core/persistence/beans/membership/MVirAttr.java","0","0","0","0.0","0","0","0.0","0","0","0.0","No"
"1.0.0-incubating","core/src/main/java/org/apache/syncope/core/persistence/beans/membership/MVirSchema.java","0","0","0","0.0","0","0","0.0","0","0","0.0","No"
"1.0.0-incubating","core/src/main/java/org/apache/syncope/core/persistence/beans/membership/Membership.java","0","0","0","0.0","0","0","0.0","0","0","0.0","No"
"1.0.0-incubating","core/src/main/java/org/apache/syncope/core/persistence/beans/package-info.java","0","0","0","0.0","0","0","0.0","0","0","0.0","No"
"1.0.0-incubating","core/src/main/java/org/apache/syncope/core/persistence/beans/role/RAttr.java","0","0","0","0.0","0","0","0.0","0","0","0.0","No"
"1.0.0-incubating","core/src/main/java/org/apache/syncope/core/persistence/beans/role/RAttrUniqueValue.java","0","0","0","0.0","0","0","0.0","0","0","0.0","No"
"1.0.0-incubating","core/src/main/java/org/apache/syncope/core/persistence/beans/role/RAttrValue.java","0","0","0","0.0","0","0","0.0","0","0","0.0","No"
"1.0.0-incubating","core/src/main/java/org/apache/syncope/core/persistence/beans/role/RDerAttr.java","0","0","0","0.0","0","0","0.0","0","0","0.0","No"
"1.0.0-incubating","core/src/main/java/org/apache/syncope/core/persistence/beans/role/RDerSchema.java","0","0","0","0.0","0","0","0.0","0","0","0.0","No"
"1.0.0-incubating","core/src/main/java/org/apache/syncope/core/persistence/beans/role/RSchema.java","0","0","0","0.0","0","0","0.0","0","0","0.0","No"
"1.0.0-incubating","core/src/main/java/org/apache/syncope/core/persistence/beans/role/RVirAttr.java","0","0","0","0.0","0","0","0.0","0","0","0.0","No"
"1.0.0-incubating","core/src/main/java/org/apache/syncope/core/persistence/beans/role/RVirSchema.java","0","0","0","0.0","0","0","0.0","0","0","0.0","No"
"1.0.0-incubating","core/src/main/java/org/apache/syncope/core/persistence/beans/role/SyncopeRole.java","0","0","0","0.0","0","0","0.0","0","0","0.0","No"
"1.0.0-incubating","core/src/main/java/org/apache/syncope/core/persistence/beans/user/SyncopeUser.java","0","0","0","0.0","0","0","0.0","0","0","0.0","No"
"1.0.0-incubating","core/src/main/java/org/apache/syncope/core/persistence/beans/user/UAttr.java","0","0","0","0.0","0","0","0.0","0","0","0.0","No"
"1.0.0-incubating","core/src/main/java/org/apache/syncope/core/persistence/beans/user/UAttrUniqueValue.java","0","0","0","0.0","0","0","0.0","0","0","0.0","No"
"1.0.0-incubating","core/src/main/java/org/apache/syncope/core/persistence/beans/user/UAttrValue.java","0","0","0","0.0","0","0","0.0","0","0","0.0","No"
"1.0.0-incubating","core/src/main/java/org/apache/syncope/core/persistence/beans/user/UDerAttr.java","0","0","0","0.0","0","0","0.0","0","0","0.0","No"
"1.0.0-incubating","core/src/main/java/org/apache/syncope/core/persistence/beans/user/UDerSchema.java","0","0","0","0.0","0","0","0.0","0","0","0.0","No"
"1.0.0-incubating","core/src/main/java/org/apache/syncope/core/persistence/beans/user/USchema.java","0","0","0","0.0","0","0","0.0","0","0","0.0","No"
"1.0.0-incubating","core/src/main/java/org/apache/syncope/core/persistence/beans/user/UVirAttr.java","0","0","0","0.0","0","0","0.0","0","0","0.0","No"
"1.0.0-incubating","core/src/main/java/org/apache/syncope/core/persistence/beans/user/UVirSchema.java","0","0","0","0.0","0","0","0.0","0","0","0.0","No"
"1.0.0-incubating","core/src/main/java/org/apache/syncope/core/persistence/dao/AttrDAO.java","0","0","0","0.0","0","0","0.0","0","0","0.0","No"
"1.0.0-incubating","core/src/main/java/org/apache/syncope/core/persistence/dao/AttrValueDAO.java","0","0","0","0.0","0","0","0.0","0","0","0.0","No"
"1.0.0-incubating","core/src/main/java/org/apache/syncope/core/persistence/dao/ConfDAO.java","0","0","0","0.0","0","0","0.0","0","0","0.0","No"
"1.0.0-incubating","core/src/main/java/org/apache/syncope/core/persistence/dao/ConnInstanceDAO.java","0","0","0","0.0","0","0","0.0","0","0","0.0","No"
"1.0.0-incubating","core/src/main/java/org/apache/syncope/core/persistence/dao/DAO.java","0","0","0","0.0","0","0","0.0","0","0","0.0","No"
"1.0.0-incubating","core/src/main/java/org/apache/syncope/core/persistence/dao/DerAttrDAO.java","0","0","0","0.0","0","0","0.0","0","0","0.0","No"
"1.0.0-incubating","core/src/main/java/org/apache/syncope/core/persistence/dao/DerSchemaDAO.java","0","0","0","0.0","0","0","0.0","0","0","0.0","No"
"1.0.0-incubating","core/src/main/java/org/apache/syncope/core/persistence/dao/EntitlementDAO.java","0","0","0","0.0","0","0","0.0","0","0","0.0","No"
"1.0.0-incubating","core/src/main/java/org/apache/syncope/core/persistence/dao/LoggerDAO.java","0","0","0","0.0","0","0","0.0","0","0","0.0","No"
"1.0.0-incubating","core/src/main/java/org/apache/syncope/core/persistence/dao/MembershipDAO.java","0","0","0","0.0","0","0","0.0","0","0","0.0","No"
"1.0.0-incubating","core/src/main/java/org/apache/syncope/core/persistence/dao/MissingConfKeyException.java","0","0","0","0.0","0","0","0.0","0","0","0.0","No"
"1.0.0-incubating","core/src/main/java/org/apache/syncope/core/persistence/dao/NotificationDAO.java","0","0","0","0.0","0","0","0.0","0","0","0.0","No"
"1.0.0-incubating","core/src/main/java/org/apache/syncope/core/persistence/dao/PolicyDAO.java","0","0","0","0.0","0","0","0.0","0","0","0.0","No"
"1.0.0-incubating","core/src/main/java/org/apache/syncope/core/persistence/dao/ReportDAO.java","0","0","0","0.0","0","0","0.0","0","0","0.0","No"
"1.0.0-incubating","core/src/main/java/org/apache/syncope/core/persistence/dao/ReportExecDAO.java","0","0","0","0.0","0","0","0.0","0","0","0.0","No"
"1.0.0-incubating","core/src/main/java/org/apache/syncope/core/persistence/dao/ResourceDAO.java","0","0","0","0.0","0","0","0.0","0","0","0.0","No"
"1.0.0-incubating","core/src/main/java/org/apache/syncope/core/persistence/dao/RoleDAO.java","0","0","0","0.0","0","0","0.0","0","0","0.0","No"
"1.0.0-incubating","core/src/main/java/org/apache/syncope/core/persistence/dao/SchemaDAO.java","0","0","0","0.0","0","0","0.0","0","0","0.0","No"
"1.0.0-incubating","core/src/main/java/org/apache/syncope/core/persistence/dao/TaskDAO.java","0","0","0","0.0","0","0","0.0","0","0","0.0","No"
"1.0.0-incubating","core/src/main/java/org/apache/syncope/core/persistence/dao/TaskExecDAO.java","0","0","0","0.0","0","0","0.0","0","0","0.0","No"
"1.0.0-incubating","core/src/main/java/org/apache/syncope/core/persistence/dao/UserDAO.java","0","0","0","0.0","0","0","0.0","0","0","0.0","No"
"1.0.0-incubating","core/src/main/java/org/apache/syncope/core/persistence/dao/UserRequestDAO.java","0","0","0","0.0","0","0","0.0","0","0","0.0","No"
"1.0.0-incubating","core/src/main/java/org/apache/syncope/core/persistence/dao/UserSearchDAO.java","0","0","0","0.0","0","0","0.0","0","0","0.0","No"
"1.0.0-incubating","core/src/main/java/org/apache/syncope/core/persistence/dao/VirAttrDAO.java","0","0","0","0.0","0","0","0.0","0","0","0.0","No"
"1.0.0-incubating","core/src/main/java/org/apache/syncope/core/persistence/dao/VirSchemaDAO.java","0","0","0","0.0","0","0","0.0","0","0","0.0","No"
"1.0.0-incubating","core/src/main/java/org/apache/syncope/core/persistence/dao/impl/AbstractDAOImpl.java","0","0","0","0.0","0","0","0.0","0","0","0.0","No"
"1.0.0-incubating","core/src/main/java/org/apache/syncope/core/persistence/dao/impl/AttrDAOImpl.java","0","0","0","0.0","0","0","0.0","0","0","0.0","No"
"1.0.0-incubating","core/src/main/java/org/apache/syncope/core/persistence/dao/impl/AttrValueDAOImpl.java","0","0","0","0.0","0","0","0.0","0","0","0.0","No"
"1.0.0-incubating","core/src/main/java/org/apache/syncope/core/persistence/dao/impl/ConfDAOImpl.java","0","0","0","0.0","0","0","0.0","0","0","0.0","No"
"1.0.0-incubating","core/src/main/java/org/apache/syncope/core/persistence/dao/impl/ConnInstanceDAOImpl.java","0","0","0","0.0","0","0","0.0","0","0","0.0","No"
"1.0.0-incubating","core/src/main/java/org/apache/syncope/core/persistence/dao/impl/DerAttrDAOImpl.java","0","0","0","0.0","0","0","0.0","0","0","0.0","No"
"1.0.0-incubating","core/src/main/java/org/apache/syncope/core/persistence/dao/impl/DerSchemaDAOImpl.java","0","0","0","0.0","0","0","0.0","0","0","0.0","No"
"1.0.0-incubating","core/src/main/java/org/apache/syncope/core/persistence/dao/impl/EntitlementDAOImpl.java","0","0","0","0.0","0","0","0.0","0","0","0.0","No"
"1.0.0-incubating","core/src/main/java/org/apache/syncope/core/persistence/dao/impl/LoggerDAOImpl.java","0","0","0","0.0","0","0","0.0","0","0","0.0","No"
"1.0.0-incubating","core/src/main/java/org/apache/syncope/core/persistence/dao/impl/MembershipDAOImpl.java","0","0","0","0.0","0","0","0.0","0","0","0.0","No"
"1.0.0-incubating","core/src/main/java/org/apache/syncope/core/persistence/dao/impl/NotificationDAOImpl.java","0","0","0","0.0","0","0","0.0","0","0","0.0","No"
"1.0.0-incubating","core/src/main/java/org/apache/syncope/core/persistence/dao/impl/PolicyDAOImpl.java","0","0","0","0.0","0","0","0.0","0","0","0.0","No"
"1.0.0-incubating","core/src/main/java/org/apache/syncope/core/persistence/dao/impl/ReportDAOImpl.java","0","0","0","0.0","0","0","0.0","0","0","0.0","No"
"1.0.0-incubating","core/src/main/java/org/apache/syncope/core/persistence/dao/impl/ReportExecDAOImpl.java","0","0","0","0.0","0","0","0.0","0","0","0.0","No"
"1.0.0-incubating","core/src/main/java/org/apache/syncope/core/persistence/dao/impl/ResourceDAOImpl.java","0","0","0","0.0","0","0","0.0","0","0","0.0","No"
"1.0.0-incubating","core/src/main/java/org/apache/syncope/core/persistence/dao/impl/RoleDAOImpl.java","0","0","0","0.0","0","0","0.0","0","0","0.0","No"
"1.0.0-incubating","core/src/main/java/org/apache/syncope/core/persistence/dao/impl/SchemaDAOImpl.java","0","0","0","0.0","0","0","0.0","0","0","0.0","No"
"1.0.0-incubating","core/src/main/java/org/apache/syncope/core/persistence/dao/impl/TaskDAOImpl.java","0","0","0","0.0","0","0","0.0","0","0","0.0","No"
"1.0.0-incubating","core/src/main/java/org/apache/syncope/core/persistence/dao/impl/TaskExecDAOImpl.java","0","0","0","0.0","0","0","0.0","0","0","0.0","No"
"1.0.0-incubating","core/src/main/java/org/apache/syncope/core/persistence/dao/impl/UserDAOImpl.java","0","0","0","0.0","0","0","0.0","0","0","0.0","No"
"1.0.0-incubating","core/src/main/java/org/apache/syncope/core/persistence/dao/impl/UserRequestDAOImpl.java","0","0","0","0.0","0","0","0.0","0","0","0.0","No"
"1.0.0-incubating","core/src/main/java/org/apache/syncope/core/persistence/dao/impl/UserSearchDAOImpl.java","0","0","0","0.0","0","0","0.0","0","0","0.0","No"
"1.0.0-incubating","core/src/main/java/org/apache/syncope/core/persistence/dao/impl/VirAttrDAOImpl.java","0","0","0","0.0","0","0","0.0","0","0","0.0","No"
"1.0.0-incubating","core/src/main/java/org/apache/syncope/core/persistence/dao/impl/VirSchemaDAOImpl.java","0","0","0","0.0","0","0","0.0","0","0","0.0","No"
"1.0.0-incubating","core/src/main/java/org/apache/syncope/core/persistence/openjpa/JBossPersistenceMappingFactory.java","0","0","0","0.0","0","0","0.0","0","0","0.0","No"
"1.0.0-incubating","core/src/main/java/org/apache/syncope/core/persistence/validation/attrvalue/AbstractValidator.java","0","0","0","0.0","0","0","0.0","0","0","0.0","No"
"1.0.0-incubating","core/src/main/java/org/apache/syncope/core/persistence/validation/attrvalue/AlwaysTrueValidator.java","0","0","0","0.0","0","0","0.0","0","0","0.0","No"
"1.0.0-incubating","core/src/main/java/org/apache/syncope/core/persistence/validation/attrvalue/BasicValidator.java","0","0","0","0.0","0","0","0.0","0","0","0.0","No"
"1.0.0-incubating","core/src/main/java/org/apache/syncope/core/persistence/validation/attrvalue/EmailAddressValidator.java","0","0","0","0.0","0","0","0.0","0","0","0.0","No"
"1.0.0-incubating","core/src/main/java/org/apache/syncope/core/persistence/validation/attrvalue/InvalidAttrValueException.java","0","0","0","0.0","0","0","0.0","0","0","0.0","No"
"1.0.0-incubating","core/src/main/java/org/apache/syncope/core/persistence/validation/attrvalue/ParsingValidationException.java","0","0","0","0.0","0","0","0.0","0","0","0.0","No"
"1.0.0-incubating","core/src/main/java/org/apache/syncope/core/persistence/validation/attrvalue/Validator.java","0","0","0","0.0","0","0","0.0","0","0","0.0","No"
"1.0.0-incubating","core/src/main/java/org/apache/syncope/core/persistence/validation/entity/AbstractValidator.java","0","0","0","0.0","0","0","0.0","0","0","0.0","No"
"1.0.0-incubating","core/src/main/java/org/apache/syncope/core/persistence/validation/entity/AttrCheck.java","0","0","0","0.0","0","0","0.0","0","0","0.0","No"
"1.0.0-incubating","core/src/main/java/org/apache/syncope/core/persistence/validation/entity/AttrValidator.java","0","0","0","0.0","0","0","0.0","0","0","0.0","No"
"1.0.0-incubating","core/src/main/java/org/apache/syncope/core/persistence/validation/entity/AttrValueCheck.java","0","0","0","0.0","0","0","0.0","0","0","0.0","No"
"1.0.0-incubating","core/src/main/java/org/apache/syncope/core/persistence/validation/entity/AttrValueValidator.java","0","0","0","0.0","0","0","0.0","0","0","0.0","No"
"1.0.0-incubating","core/src/main/java/org/apache/syncope/core/persistence/validation/entity/EntitlementCheck.java","0","0","0","0.0","0","0","0.0","0","0","0.0","No"
"1.0.0-incubating","core/src/main/java/org/apache/syncope/core/persistence/validation/entity/EntitlementValidator.java","0","0","0","0.0","0","0","0.0","0","0","0.0","No"
"1.0.0-incubating","core/src/main/java/org/apache/syncope/core/persistence/validation/entity/EntityValidationInterceptor.java","0","0","0","0.0","0","0","0.0","0","0","0.0","No"
"1.0.0-incubating","core/src/main/java/org/apache/syncope/core/persistence/validation/entity/ExternalResourceCheck.java","0","0","0","0.0","0","0","0.0","0","0","0.0","No"
"1.0.0-incubating","core/src/main/java/org/apache/syncope/core/persistence/validation/entity/ExternalResourceValidator.java","0","0","0","0.0","0","0","0.0","0","0","0.0","No"
"1.0.0-incubating","core/src/main/java/org/apache/syncope/core/persistence/validation/entity/InvalidEntityException.java","0","0","0","0.0","0","0","0.0","0","0","0.0","No"
"1.0.0-incubating","core/src/main/java/org/apache/syncope/core/persistence/validation/entity/NotificationCheck.java","0","0","0","0.0","0","0","0.0","0","0","0.0","No"
"1.0.0-incubating","core/src/main/java/org/apache/syncope/core/persistence/validation/entity/NotificationValidator.java","0","0","0","0.0","0","0","0.0","0","0","0.0","No"
"1.0.0-incubating","core/src/main/java/org/apache/syncope/core/persistence/validation/entity/PolicyCheck.java","0","0","0","0.0","0","0","0.0","0","0","0.0","No"
"1.0.0-incubating","core/src/main/java/org/apache/syncope/core/persistence/validation/entity/PolicyValidator.java","0","0","0","0.0","0","0","0.0","0","0","0.0","No"
"1.0.0-incubating","core/src/main/java/org/apache/syncope/core/persistence/validation/entity/PropagationTaskCheck.java","0","0","0","0.0","0","0","0.0","0","0","0.0","No"
"1.0.0-incubating","core/src/main/java/org/apache/syncope/core/persistence/validation/entity/PropagationTaskValidator.java","0","0","0","0.0","0","0","0.0","0","0","0.0","No"
"1.0.0-incubating","core/src/main/java/org/apache/syncope/core/persistence/validation/entity/ReportCheck.java","0","0","0","0.0","0","0","0.0","0","0","0.0","No"
"1.0.0-incubating","core/src/main/java/org/apache/syncope/core/persistence/validation/entity/ReportValidator.java","0","0","0","0.0","0","0","0.0","0","0","0.0","No"
"1.0.0-incubating","core/src/main/java/org/apache/syncope/core/persistence/validation/entity/SchedTaskCheck.java","0","0","0","0.0","0","0","0.0","0","0","0.0","No"
"1.0.0-incubating","core/src/main/java/org/apache/syncope/core/persistence/validation/entity/SchedTaskValidator.java","0","0","0","0.0","0","0","0.0","0","0","0.0","No"
"1.0.0-incubating","core/src/main/java/org/apache/syncope/core/persistence/validation/entity/SchemaCheck.java","0","0","0","0.0","0","0","0.0","0","0","0.0","No"
"1.0.0-incubating","core/src/main/java/org/apache/syncope/core/persistence/validation/entity/SchemaMappingCheck.java","0","0","0","0.0","0","0","0.0","0","0","0.0","No"
"1.0.0-incubating","core/src/main/java/org/apache/syncope/core/persistence/validation/entity/SchemaMappingValidator.java","0","0","0","0.0","0","0","0.0","0","0","0.0","No"
"1.0.0-incubating","core/src/main/java/org/apache/syncope/core/persistence/validation/entity/SchemaValidator.java","0","0","0","0.0","0","0","0.0","0","0","0.0","No"
"1.0.0-incubating","core/src/main/java/org/apache/syncope/core/persistence/validation/entity/SyncTaskCheck.java","0","0","0","0.0","0","0","0.0","0","0","0.0","No"
"1.0.0-incubating","core/src/main/java/org/apache/syncope/core/persistence/validation/entity/SyncTaskValidator.java","0","0","0","0.0","0","0","0.0","0","0","0.0","No"
"1.0.0-incubating","core/src/main/java/org/apache/syncope/core/persistence/validation/entity/SyncopeUserCheck.java","0","0","0","0.0","0","0","0.0","0","0","0.0","No"
"1.0.0-incubating","core/src/main/java/org/apache/syncope/core/persistence/validation/entity/SyncopeUserValidator.java","0","0","0","0.0","0","0","0.0","0","0","0.0","No"
"1.0.0-incubating","core/src/main/java/org/apache/syncope/core/persistence/validation/entity/USchemaCheck.java","0","0","0","0.0","0","0","0.0","0","0","0.0","No"
"1.0.0-incubating","core/src/main/java/org/apache/syncope/core/persistence/validation/entity/USchemaValidator.java","0","0","0","0.0","0","0","0.0","0","0","0.0","No"
"1.0.0-incubating","core/src/main/java/org/apache/syncope/core/policy/AccountPolicyEnforcer.java","0","0","0","0.0","0","0","0.0","0","0","0.0","No"
"1.0.0-incubating","core/src/main/java/org/apache/syncope/core/policy/AccountPolicyException.java","0","0","0","0.0","0","0","0.0","0","0","0.0","No"
"1.0.0-incubating","core/src/main/java/org/apache/syncope/core/policy/PasswordPolicyEnforcer.java","0","0","0","0.0","0","0","0.0","0","0","0.0","No"
"1.0.0-incubating","core/src/main/java/org/apache/syncope/core/policy/PasswordPolicyException.java","0","0","0","0.0","0","0","0.0","0","0","0.0","No"
"1.0.0-incubating","core/src/main/java/org/apache/syncope/core/policy/PolicyEnforceException.java","0","0","0","0.0","0","0","0.0","0","0","0.0","No"
"1.0.0-incubating","core/src/main/java/org/apache/syncope/core/policy/PolicyEnforcer.java","0","0","0","0.0","0","0","0.0","0","0","0.0","No"
"1.0.0-incubating","core/src/main/java/org/apache/syncope/core/policy/PolicyEvaluator.java","0","0","0","0.0","0","0","0.0","0","0","0.0","No"
"1.0.0-incubating","core/src/main/java/org/apache/syncope/core/propagation/ConnectorFacadeProxy.java","0","0","0","0.0","0","0","0.0","0","0","0.0","No"
"1.0.0-incubating","core/src/main/java/org/apache/syncope/core/propagation/PropagationByResource.java","0","0","0","0.0","0","0","0.0","0","0","0.0","No"
"1.0.0-incubating","core/src/main/java/org/apache/syncope/core/propagation/PropagationException.java","0","0","0","0.0","0","0","0.0","0","0","0.0","No"
"1.0.0-incubating","core/src/main/java/org/apache/syncope/core/propagation/PropagationHandler.java","0","0","0","0.0","0","0","0.0","0","0","0.0","No"
"1.0.0-incubating","core/src/main/java/org/apache/syncope/core/propagation/PropagationManager.java","0","0","0","0.0","0","0","0.0","0","0","0.0","No"
"1.0.0-incubating","core/src/main/java/org/apache/syncope/core/propagation/package-info.java","0","0","0","0.0","0","0","0.0","0","0","0.0","No"
"1.0.0-incubating","core/src/main/java/org/apache/syncope/core/report/AbstractReportlet.java","0","0","0","0.0","0","0","0.0","0","0","0.0","No"
"1.0.0-incubating","core/src/main/java/org/apache/syncope/core/report/ReportException.java","0","0","0","0.0","0","0","0.0","0","0","0.0","No"
"1.0.0-incubating","core/src/main/java/org/apache/syncope/core/report/Reportlet.java","0","0","0","0.0","0","0","0.0","0","0","0.0","No"
"1.0.0-incubating","core/src/main/java/org/apache/syncope/core/report/ReportletConfClass.java","0","0","0","0.0","0","0","0.0","0","0","0.0","No"
"1.0.0-incubating","core/src/main/java/org/apache/syncope/core/report/StaticReportlet.java","0","0","0","0.0","0","0","0.0","0","0","0.0","No"
"1.0.0-incubating","core/src/main/java/org/apache/syncope/core/report/UserReportlet.java","0","0","0","0.0","0","0","0.0","0","0","0.0","No"
"1.0.0-incubating","core/src/main/java/org/apache/syncope/core/rest/controller/AbstractController.java","0","0","0","0.0","0","0","0.0","0","0","0.0","No"
"1.0.0-incubating","core/src/main/java/org/apache/syncope/core/rest/controller/AuthenticationController.java","0","0","0","0.0","0","0","0.0","0","0","0.0","No"
"1.0.0-incubating","core/src/main/java/org/apache/syncope/core/rest/controller/ConfigurationController.java","0","0","0","0.0","0","0","0.0","0","0","0.0","No"
"1.0.0-incubating","core/src/main/java/org/apache/syncope/core/rest/controller/ConnInstanceController.java","0","0","0","0.0","0","0","0.0","0","0","0.0","No"
"1.0.0-incubating","core/src/main/java/org/apache/syncope/core/rest/controller/DerivedSchemaController.java","0","0","0","0.0","0","0","0.0","0","0","0.0","No"
"1.0.0-incubating","core/src/main/java/org/apache/syncope/core/rest/controller/InvalidSearchConditionException.java","0","0","0","0.0","0","0","0.0","0","0","0.0","No"
"1.0.0-incubating","core/src/main/java/org/apache/syncope/core/rest/controller/LoggerController.java","0","0","0","0.0","0","0","0.0","0","0","0.0","No"
"1.0.0-incubating","core/src/main/java/org/apache/syncope/core/rest/controller/NotificationController.java","0","0","0","0.0","0","0","0.0","0","0","0.0","No"
"1.0.0-incubating","core/src/main/java/org/apache/syncope/core/rest/controller/PolicyController.java","0","0","0","0.0","0","0","0.0","0","0","0.0","No"
"1.0.0-incubating","core/src/main/java/org/apache/syncope/core/rest/controller/ReportController.java","0","0","0","0.0","0","0","0.0","0","0","0.0","No"
"1.0.0-incubating","core/src/main/java/org/apache/syncope/core/rest/controller/ResourceController.java","0","0","0","0.0","0","0","0.0","0","0","0.0","No"
"1.0.0-incubating","core/src/main/java/org/apache/syncope/core/rest/controller/RoleController.java","0","0","0","0.0","0","0","0.0","0","0","0.0","No"
"1.0.0-incubating","core/src/main/java/org/apache/syncope/core/rest/controller/SchemaController.java","0","0","0","0.0","0","0","0.0","0","0","0.0","No"
"1.0.0-incubating","core/src/main/java/org/apache/syncope/core/rest/controller/TaskController.java","0","0","0","0.0","0","0","0.0","0","0","0.0","No"
"1.0.0-incubating","core/src/main/java/org/apache/syncope/core/rest/controller/UnauthorizedRoleException.java","0","0","0","0.0","0","0","0.0","0","0","0.0","No"
"1.0.0-incubating","core/src/main/java/org/apache/syncope/core/rest/controller/UserController.java","0","0","0","0.0","0","0","0.0","0","0","0.0","No"
"1.0.0-incubating","core/src/main/java/org/apache/syncope/core/rest/controller/UserRequestController.java","0","0","0","0.0","0","0","0.0","0","0","0.0","No"
"1.0.0-incubating","core/src/main/java/org/apache/syncope/core/rest/controller/VirtualSchemaController.java","0","0","0","0.0","0","0","0.0","0","0","0.0","No"
"1.0.0-incubating","core/src/main/java/org/apache/syncope/core/rest/controller/WorkflowController.java","0","0","0","0.0","0","0","0.0","0","0","0.0","No"
"1.0.0-incubating","core/src/main/java/org/apache/syncope/core/rest/data/AbstractAttributableDataBinder.java","0","0","0","0.0","0","0","0.0","0","0","0.0","No"
"1.0.0-incubating","core/src/main/java/org/apache/syncope/core/rest/data/ConfigurationDataBinder.java","0","0","0","0.0","0","0","0.0","0","0","0.0","No"
"1.0.0-incubating","core/src/main/java/org/apache/syncope/core/rest/data/ConnInstanceDataBinder.java","0","0","0","0.0","0","0","0.0","0","0","0.0","No"
"1.0.0-incubating","core/src/main/java/org/apache/syncope/core/rest/data/DerivedSchemaDataBinder.java","0","0","0","0.0","0","0","0.0","0","0","0.0","No"
"1.0.0-incubating","core/src/main/java/org/apache/syncope/core/rest/data/NotificationDataBinder.java","0","0","0","0.0","0","0","0.0","0","0","0.0","No"
"1.0.0-incubating","core/src/main/java/org/apache/syncope/core/rest/data/PolicyDataBinder.java","0","0","0","0.0","0","0","0.0","0","0","0.0","No"
"1.0.0-incubating","core/src/main/java/org/apache/syncope/core/rest/data/ReportDataBinder.java","0","0","0","0.0","0","0","0.0","0","0","0.0","No"
"1.0.0-incubating","core/src/main/java/org/apache/syncope/core/rest/data/ResourceDataBinder.java","0","0","0","0.0","0","0","0.0","0","0","0.0","No"
"1.0.0-incubating","core/src/main/java/org/apache/syncope/core/rest/data/RoleDataBinder.java","0","0","0","0.0","0","0","0.0","0","0","0.0","No"
"1.0.0-incubating","core/src/main/java/org/apache/syncope/core/rest/data/SchemaDataBinder.java","0","0","0","0.0","0","0","0.0","0","0","0.0","No"
"1.0.0-incubating","core/src/main/java/org/apache/syncope/core/rest/data/TaskDataBinder.java","0","0","0","0.0","0","0","0.0","0","0","0.0","No"
"1.0.0-incubating","core/src/main/java/org/apache/syncope/core/rest/data/UnwrappedObjectMapper.java","0","0","0","0.0","0","0","0.0","0","0","0.0","No"
"1.0.0-incubating","core/src/main/java/org/apache/syncope/core/rest/data/UserDataBinder.java","0","0","0","0.0","0","0","0.0","0","0","0.0","No"
"1.0.0-incubating","core/src/main/java/org/apache/syncope/core/rest/data/UserRequestDataBinder.java","0","0","0","0.0","0","0","0.0","0","0","0.0","No"
"1.0.0-incubating","core/src/main/java/org/apache/syncope/core/rest/data/VirtualSchemaDataBinder.java","0","0","0","0.0","0","0","0.0","0","0","0.0","No"
"1.0.0-incubating","core/src/main/java/org/apache/syncope/core/scheduling/AbstractTaskJob.java","0","0","0","0.0","0","0","0.0","0","0","0.0","No"
"1.0.0-incubating","core/src/main/java/org/apache/syncope/core/scheduling/DefaultSyncJobActions.java","0","0","0","0.0","0","0","0.0","0","0","0.0","No"
"1.0.0-incubating","core/src/main/java/org/apache/syncope/core/scheduling/NotificationJob.java","0","0","0","0.0","0","0","0.0","0","0","0.0","No"
"1.0.0-incubating","core/src/main/java/org/apache/syncope/core/scheduling/ReportJob.java","0","0","0","0.0","0","0","0.0","0","0","0.0","No"
"1.0.0-incubating","core/src/main/java/org/apache/syncope/core/scheduling/ReportXMLConst.java","0","0","0","0.0","0","0","0.0","0","0","0.0","No"
"1.0.0-incubating","core/src/main/java/org/apache/syncope/core/scheduling/SampleJob.java","0","0","0","0.0","0","0","0.0","0","0","0.0","No"
"1.0.0-incubating","core/src/main/java/org/apache/syncope/core/scheduling/SpringBeanJobFactory.java","0","0","0","0.0","0","0","0.0","0","0","0.0","No"
"1.0.0-incubating","core/src/main/java/org/apache/syncope/core/scheduling/SyncJob.java","0","0","0","0.0","0","0","0.0","0","0","0.0","No"
"1.0.0-incubating","core/src/main/java/org/apache/syncope/core/scheduling/SyncJobActions.java","0","0","0","0.0","0","0","0.0","0","0","0.0","No"
"1.0.0-incubating","core/src/main/java/org/apache/syncope/core/scheduling/SyncResult.java","0","0","0","0.0","0","0","0.0","0","0","0.0","No"
"1.0.0-incubating","core/src/main/java/org/apache/syncope/core/scheduling/package-info.java","0","0","0","0.0","0","0","0.0","0","0","0.0","No"
"1.0.0-incubating","core/src/main/java/org/apache/syncope/core/security/AsymmetricCipher.java","0","0","0","0.0","0","0","0.0","0","0","0.0","No"
"1.0.0-incubating","core/src/main/java/org/apache/syncope/core/security/NullSecurityContextRepository.java","0","0","0","0.0","0","0","0.0","0","0","0.0","No"
"1.0.0-incubating","core/src/main/java/org/apache/syncope/core/security/SyncopeAuthenticationProvider.java","0","0","0","0.0","0","0","0.0","0","0","0.0","No"
"1.0.0-incubating","core/src/main/java/org/apache/syncope/core/security/SyncopeUserDetailsService.java","0","0","0","0.0","0","0","0.0","0","0","0.0","No"
"1.0.0-incubating","core/src/main/java/org/apache/syncope/core/util/ApplicationContextProvider.java","0","0","0","0.0","0","0","0.0","0","0","0.0","No"
"1.0.0-incubating","core/src/main/java/org/apache/syncope/core/util/AttributableUtil.java","0","0","0","0.0","0","0","0.0","0","0","0.0","No"
"1.0.0-incubating","core/src/main/java/org/apache/syncope/core/util/ConnBundleManager.java","0","0","0","0.0","0","0","0.0","0","0","0.0","No"
"1.0.0-incubating","core/src/main/java/org/apache/syncope/core/util/ConnObjectUtil.java","0","0","0","0.0","0","0","0.0","0","0","0.0","No"
"1.0.0-incubating","core/src/main/java/org/apache/syncope/core/util/EntitlementUtil.java","0","0","0","0.0","0","0","0.0","0","0","0.0","No"
"1.0.0-incubating","core/src/main/java/org/apache/syncope/core/util/ImportExport.java","0","0","0","0.0","0","0","0.0","0","0","0.0","No"
"1.0.0-incubating","core/src/main/java/org/apache/syncope/core/util/JexlUtil.java","0","0","0","0.0","0","0","0.0","0","0","0.0","No"
"1.0.0-incubating","core/src/main/java/org/apache/syncope/core/util/SchemaMappingUtil.java","0","0","0","0.0","0","0","0.0","0","0","0.0","No"
"1.0.0-incubating","core/src/main/java/org/apache/syncope/core/util/SpringPersistenceUnitPostProcessor.java","0","0","0","0.0","0","0","0.0","0","0","0.0","No"
"1.0.0-incubating","core/src/main/java/org/apache/syncope/core/util/TaskUtil.java","0","0","0","0.0","0","0","0.0","0","0","0.0","No"
"1.0.0-incubating","core/src/main/java/org/apache/syncope/core/util/multiparent/MultiParentNode.java","0","0","0","0.0","0","0","0.0","0","0","0.0","No"
"1.0.0-incubating","core/src/main/java/org/apache/syncope/core/util/multiparent/MultiParentNodeOp.java","0","0","0","0.0","0","0","0.0","0","0","0.0","No"
"1.0.0-incubating","core/src/main/java/org/apache/syncope/core/workflow/AbstractUserWorkflowAdapter.java","0","0","0","0.0","0","0","0.0","0","0","0.0","No"
"1.0.0-incubating","core/src/main/java/org/apache/syncope/core/workflow/ActivitiUserWorkflowAdapter.java","0","0","0","0.0","0","0","0.0","0","0","0.0","No"
"1.0.0-incubating","core/src/main/java/org/apache/syncope/core/workflow/NoOpUserWorkflowAdapter.java","0","0","0","0.0","0","0","0.0","0","0","0.0","No"
"1.0.0-incubating","core/src/main/java/org/apache/syncope/core/workflow/UserWorkflowAdapter.java","0","0","0","0.0","0","0","0.0","0","0","0.0","No"
"1.0.0-incubating","core/src/main/java/org/apache/syncope/core/workflow/WorkflowException.java","0","0","0","0.0","0","0","0.0","0","0","0.0","No"
"1.0.0-incubating","core/src/main/java/org/apache/syncope/core/workflow/WorkflowResult.java","0","0","0","0.0","0","0","0.0","0","0","0.0","No"
"1.0.0-incubating","core/src/main/java/org/apache/syncope/core/workflow/activiti/AbstractActivitiDelegate.java","0","0","0","0.0","0","0","0.0","0","0","0.0","No"
"1.0.0-incubating","core/src/main/java/org/apache/syncope/core/workflow/activiti/AutoActivate.java","0","0","0","0.0","0","0","0.0","0","0","0.0","No"
"1.0.0-incubating","core/src/main/java/org/apache/syncope/core/workflow/activiti/Create.java","0","0","0","0.0","0","0","0.0","0","0","0.0","No"
"1.0.0-incubating","core/src/main/java/org/apache/syncope/core/workflow/activiti/Delete.java","0","0","0","0.0","0","0","0.0","0","0","0.0","No"
"1.0.0-incubating","core/src/main/java/org/apache/syncope/core/workflow/activiti/GenerateToken.java","0","0","0","0.0","0","0","0.0","0","0","0.0","No"
"1.0.0-incubating","core/src/main/java/org/apache/syncope/core/workflow/activiti/Reactivate.java","0","0","0","0.0","0","0","0.0","0","0","0.0","No"
"1.0.0-incubating","core/src/main/java/org/apache/syncope/core/workflow/activiti/Suspend.java","0","0","0","0.0","0","0","0.0","0","0","0.0","No"
"1.0.0-incubating","core/src/main/java/org/apache/syncope/core/workflow/activiti/SyncopeEntitiesVariableType.java","0","0","0","0.0","0","0","0.0","0","0","0.0","No"
"1.0.0-incubating","core/src/main/java/org/apache/syncope/core/workflow/activiti/SyncopeGroupManager.java","0","0","0","0.0","0","0","0.0","0","0","0.0","No"
"1.0.0-incubating","core/src/main/java/org/apache/syncope/core/workflow/activiti/SyncopeGroupQueryImpl.java","0","0","0","0.0","0","0","0.0","0","0","0.0","No"
"1.0.0-incubating","core/src/main/java/org/apache/syncope/core/workflow/activiti/SyncopeSession.java","0","0","0","0.0","0","0","0.0","0","0","0.0","No"
"1.0.0-incubating","core/src/main/java/org/apache/syncope/core/workflow/activiti/SyncopeSessionFactory.java","0","0","0","0.0","0","0","0.0","0","0","0.0","No"
"1.0.0-incubating","core/src/main/java/org/apache/syncope/core/workflow/activiti/SyncopeUserManager.java","0","0","0","0.0","0","0","0.0","0","0","0.0","No"
"1.0.0-incubating","core/src/main/java/org/apache/syncope/core/workflow/activiti/SyncopeUserQueryImpl.java","0","0","0","0.0","0","0","0.0","0","0","0.0","No"
"1.0.0-incubating","core/src/main/java/org/apache/syncope/core/workflow/activiti/Update.java","0","0","0","0.0","0","0","0.0","0","0","0.0","No"
"1.0.0-incubating","core/src/main/java/org/apache/syncope/core/workflow/package-info.java","0","0","0","0.0","0","0","0.0","0","0","0.0","No"
"1.0.0-incubating","core/src/test/java/org/apache/syncope/core/AbstractTest.java","0","0","0","0.0","0","0","0.0","0","0","0.0","No"
"1.0.0-incubating","core/src/test/java/org/apache/syncope/core/init/ConnInstanceLoaderTest.java","0","0","0","0.0","0","0","0.0","0","0","0.0","No"
"1.0.0-incubating","core/src/test/java/org/apache/syncope/core/notification/NotificationTest.java","0","0","0","0.0","0","0","0.0","0","0","0.0","No"
"1.0.0-incubating","core/src/test/java/org/apache/syncope/core/persistence/dao/AttrTest.java","0","0","0","0.0","0","0","0.0","0","0","0.0","No"
"1.0.0-incubating","core/src/test/java/org/apache/syncope/core/persistence/dao/ConnInstanceTest.java","0","0","0","0.0","0","0","0.0","0","0","0.0","No"
"1.0.0-incubating","core/src/test/java/org/apache/syncope/core/persistence/dao/DerAttrTest.java","0","0","0","0.0","0","0","0.0","0","0","0.0","No"
"1.0.0-incubating","core/src/test/java/org/apache/syncope/core/persistence/dao/DerSchemaTest.java","0","0","0","0.0","0","0","0.0","0","0","0.0","No"
"1.0.0-incubating","core/src/test/java/org/apache/syncope/core/persistence/dao/EntitlementTest.java","0","0","0","0.0","0","0","0.0","0","0","0.0","No"
"1.0.0-incubating","core/src/test/java/org/apache/syncope/core/persistence/dao/MembershipTest.java","0","0","0","0.0","0","0","0.0","0","0","0.0","No"
"1.0.0-incubating","core/src/test/java/org/apache/syncope/core/persistence/dao/NotificationTest.java","0","0","0","0.0","0","0","0.0","0","0","0.0","No"
"1.0.0-incubating","core/src/test/java/org/apache/syncope/core/persistence/dao/PolicyTest.java","0","0","0","0.0","0","0","0.0","0","0","0.0","No"
"1.0.0-incubating","core/src/test/java/org/apache/syncope/core/persistence/dao/ReportTest.java","0","0","0","0.0","0","0","0.0","0","0","0.0","No"
"1.0.0-incubating","core/src/test/java/org/apache/syncope/core/persistence/dao/ResourceTest.java","0","0","0","0.0","0","0","0.0","0","0","0.0","No"
"1.0.0-incubating","core/src/test/java/org/apache/syncope/core/persistence/dao/RoleTest.java","0","0","0","0.0","0","0","0.0","0","0","0.0","No"
"1.0.0-incubating","core/src/test/java/org/apache/syncope/core/persistence/dao/SchemaTest.java","0","0","0","0.0","0","0","0.0","0","0","0.0","No"
"1.0.0-incubating","core/src/test/java/org/apache/syncope/core/persistence/dao/TaskExecTest.java","0","0","0","0.0","0","0","0.0","0","0","0.0","No"
"1.0.0-incubating","core/src/test/java/org/apache/syncope/core/persistence/dao/TaskTest.java","0","0","0","0.0","0","0","0.0","0","0","0.0","No"
"1.0.0-incubating","core/src/test/java/org/apache/syncope/core/persistence/dao/UserSearchTest.java","0","0","0","0.0","0","0","0.0","0","0","0.0","No"
"1.0.0-incubating","core/src/test/java/org/apache/syncope/core/persistence/dao/UserTest.java","0","0","0","0.0","0","0","0.0","0","0","0.0","No"
"1.0.0-incubating","core/src/test/java/org/apache/syncope/core/persistence/dao/VirAttrTest.java","0","0","0","0.0","0","0","0.0","0","0","0.0","No"
"1.0.0-incubating","core/src/test/java/org/apache/syncope/core/persistence/dao/VirSchemaTest.java","0","0","0","0.0","0","0","0.0","0","0","0.0","No"
"1.0.0-incubating","core/src/test/java/org/apache/syncope/core/persistence/relationships/AttrTest.java","0","0","0","0.0","0","0","0.0","0","0","0.0","No"
"1.0.0-incubating","core/src/test/java/org/apache/syncope/core/persistence/relationships/ConnInstanceTest.java","0","0","0","0.0","0","0","0.0","0","0","0.0","No"
"1.0.0-incubating","core/src/test/java/org/apache/syncope/core/persistence/relationships/DerSchemaTest.java","0","0","0","0.0","0","0","0.0","0","0","0.0","No"
"1.0.0-incubating","core/src/test/java/org/apache/syncope/core/persistence/relationships/MembershipTest.java","0","0","0","0.0","0","0","0.0","0","0","0.0","No"
"1.0.0-incubating","core/src/test/java/org/apache/syncope/core/persistence/relationships/ReportTest.java","0","0","0","0.0","0","0","0.0","0","0","0.0","No"
"1.0.0-incubating","core/src/test/java/org/apache/syncope/core/persistence/relationships/ResourceTest.java","0","0","0","0.0","0","0","0.0","0","0","0.0","No"
"1.0.0-incubating","core/src/test/java/org/apache/syncope/core/persistence/relationships/RoleTest.java","0","0","0","0.0","0","0","0.0","0","0","0.0","No"
"1.0.0-incubating","core/src/test/java/org/apache/syncope/core/persistence/relationships/SchemaTest.java","0","0","0","0.0","0","0","0.0","0","0","0.0","No"
"1.0.0-incubating","core/src/test/java/org/apache/syncope/core/persistence/relationships/TaskTest.java","0","0","0","0.0","0","0","0.0","0","0","0.0","No"
"1.0.0-incubating","core/src/test/java/org/apache/syncope/core/persistence/relationships/UserSearchTest.java","0","0","0","0.0","0","0","0.0","0","0","0.0","No"
"1.0.0-incubating","core/src/test/java/org/apache/syncope/core/persistence/relationships/UserTest.java","0","0","0","0.0","0","0","0.0","0","0","0.0","No"
"1.0.0-incubating","core/src/test/java/org/apache/syncope/core/rest/AbstractTest.java","0","0","0","0.0","0","0","0.0","0","0","0.0","No"
"1.0.0-incubating","core/src/test/java/org/apache/syncope/core/rest/AuthenticationTestITCase.java","0","0","0","0.0","0","0","0.0","0","0","0.0","No"
"1.0.0-incubating","core/src/test/java/org/apache/syncope/core/rest/ConfigurationTestITCase.java","0","0","0","0.0","0","0","0.0","0","0","0.0","No"
"1.0.0-incubating","core/src/test/java/org/apache/syncope/core/rest/ConnInstanceTestITCase.java","0","0","0","0.0","0","0","0.0","0","0","0.0","No"
"1.0.0-incubating","core/src/test/java/org/apache/syncope/core/rest/DerivedSchemaTestITCase.java","0","0","0","0.0","0","0","0.0","0","0","0.0","No"
"1.0.0-incubating","core/src/test/java/org/apache/syncope/core/rest/LoggerTestITCase.java","0","0","0","0.0","0","0","0.0","0","0","0.0","No"
"1.0.0-incubating","core/src/test/java/org/apache/syncope/core/rest/NotificationTestITCase.java","0","0","0","0.0","0","0","0.0","0","0","0.0","No"
"1.0.0-incubating","core/src/test/java/org/apache/syncope/core/rest/PolicyTestITCase.java","0","0","0","0.0","0","0","0.0","0","0","0.0","No"
"1.0.0-incubating","core/src/test/java/org/apache/syncope/core/rest/ReportTestITCase.java","0","0","0","0.0","0","0","0.0","0","0","0.0","No"
"1.0.0-incubating","core/src/test/java/org/apache/syncope/core/rest/ResourceTestITCase.java","0","0","0","0.0","0","0","0.0","0","0","0.0","No"
"1.0.0-incubating","core/src/test/java/org/apache/syncope/core/rest/RoleTestITCase.java","0","0","0","0.0","0","0","0.0","0","0","0.0","No"
"1.0.0-incubating","core/src/test/java/org/apache/syncope/core/rest/SchemaTestITCase.java","0","0","0","0.0","0","0","0.0","0","0","0.0","No"
"1.0.0-incubating","core/src/test/java/org/apache/syncope/core/rest/TaskTestITCase.java","0","0","0","0.0","0","0","0.0","0","0","0.0","No"
"1.0.0-incubating","core/src/test/java/org/apache/syncope/core/rest/UserRequestTestITCase.java","0","0","0","0.0","0","0","0.0","0","0","0.0","No"
"1.0.0-incubating","core/src/test/java/org/apache/syncope/core/rest/UserTestITCase.java","0","0","0","0.0","0","0","0.0","0","0","0.0","No"
"1.0.0-incubating","core/src/test/java/org/apache/syncope/core/rest/VirtualSchemaTestITCase.java","0","0","0","0.0","0","0","0.0","0","0","0.0","No"
"1.0.0-incubating","core/src/test/java/org/apache/syncope/core/scheduling/TestSyncJobActions.java","0","0","0","0.0","0","0","0.0","0","0","0.0","No"
"1.0.0-incubating","hibernate-enhancer/src/main/java/org/apache/syncope/hibernate/HibernateEnhancer.java","0","0","0","0.0","0","0","0.0","0","0","0.0","No"
